user_id,amount,status,date,transaction_id
GR833J513,1090,,23-02-2021,M81QLY80EPYZ270AYQ645IJHS84993
MS747P519,782,success,13-06-2021,I80CPA66WBML425AAV587ZQET09856
JB134A636,363,pending,06-05-2021,L66EGB45FQMT850WBU232MWED62081
MB035Z896,592,success,17-01-2021,B85UXR86AWWX893RKZ609REHG52861
QZ657G453,1077,success,22-09-2021,I49VQJ65RFQA956AWB928LRIO35964
LN652F914,1253,failed,17-05-2021,B72BDA82PQVD458UIR755RXGP82594
CB575O603,602,failed,23-08-2021,I65HQI85JOCL390DGO191BWSB52910
QX517Q200,506,failed,20-04-2021,A61KEA38IICH350KYK675WDFA34920
WP893A558,215,failed,24-06-2021,M70XSG66KOHT417XJQ481GIYN20021
CP042L193,1037,success,06-07-2021,F64UUE19PFIW187QPC820SDAJ53000
BS468I461,953,pending,26-08-2021,A57MIB82BMQA113IWE163KKEX59769
UZ582P003,236,success,03-08-2021,A13CFK74MCJE350ZQZ438ODEH45312
UP347B093,15,pending,27-11-2021,S37FFG13YWOJ225NRO804JQZC29317
SH524Y065,1013,failed,03-06-2021,G03VKW50FUQH736AGX221MRLU19867
YX221N219,15,pending,21-08-2021,H17BVB65CXGQ665NXX726OKAH31364
LM067V409,1213,success,28-08-2021,S61OWE95FZCZ662QWC277YNFQ70797
DC761C833,1090,pending,11-09-2021,Q01BDY06SVYS294CYK565AFAE51348
ZK264F124,25,failed,23-07-2021,Q81GVM86VQKX343AIV809NDUH86284
PR826Y372,62,success,05-08-2021,R65FHA30PVVL019RUP037FFTW85058
FD854Q647,758,pending,19-11-2021,P91RXU67TSOI581EWV267HZWE40736
IV974K425,752,pending,22-07-2021,E06WYZ28USSE363IAT983DBAZ24782
GR833J513,634,failed,19-02-2021,B19ATV00BESH492BIN676JDZS35044
MB035Z896,1251,success,05-04-2021,K92BKT44MHBG999KHW067ZXCH76713
AM337Z517,1223,success,31-07-2021,L69XGD40VGLY319HFK044OAUL27026
YR058O045,921,pending,16-12-2021,M77ZVA47WIDG989IHJ232HKTB63693
KZ274Z395,198,pending,01-05-2021,J39BAE70HGOY284KRL694BGTD14594
NP912R532,1376,success,04-03-2021,O61RRF32QPCE561JEB314VSZI26440
UA749I897,1019,success,19-11-2021,M90HRX57QIGQ290MVO003EEGJ94162
VB937X658,1266,failed,22-11-2021,L67PJO46JCGJ408VNA013ABML78476
JU146N698,1423,success,09-01-2021,S30XIU78EHTK322DUE944TEMZ82860
UP347B093,1309,success,17-04-2021,M87ZZR25CEHY646MLP710WKEA33934
OY075V727,492,pending,05-06-2021,H73MYL41GCPR303VRR508YZQG51757
KT756M264,494,pending,30-01-2021,M71HXX21OEWJ950ADY267VMPF52371
BE863M528,440,success,26-02-2021,Z25BEC34KVIL980XGK753WELI99185
DW925L350,1174,success,17-10-2021,C30LFB46QVUK972UKP485CMVN01415
QU249J633,1024,success,26-04-2021,J58VZV48GBFT865GTJ709LNBZ54620
LD359E820,607,success,26-04-2021,C57KWR56YNQR397DLY607GCEK40082
CN802W282,1274,failed,16-07-2021,I58FSA53GLGA230VMK414RAKP45192
LW030Y589,901,success,12-04-2021,O55GQE56XUPG177XFR771STBO65957
XB621E537,271,pending,10-07-2021,P53SKR31IEXV179ERI447JALL95160
YD712U986,230,success,28-11-2021,C46HVO94ZODW013UWF829RZPQ97512
MS747P519,1462,failed,09-09-2021,I63RGR02NTES864SAF070UXTC09689
WL451T025,844,pending,07-11-2021,S67TUH01GBXP664TLD475UVNL26572
RS172V951,785,failed,29-12-2021,C62AEB64GLIC271LRA725RDJO38697
JQ399I211,487,failed,06-12-2021,M68QYC92CDLB386XPR192HVAR19427
VF003C360,778,pending,12-06-2021,L50IMW25ALYP812YGW023HKVY37512
TE106C934,56,failed,15-10-2021,J09QFT64IEJQ836RYB029XGYI05649
QW269R953,1094,success,08-07-2021,P91NKO40DHWJ605PCH079KYOL05818
ZA893S250,75,failed,22-02-2021,H69HTB36OIEB226UJV265IWYM68032
OY075V727,487,failed,12-03-2021,F01NHK17QXGT222YYS860RQZH60908
GJ306C092,1000,success,09-07-2021,R64AQX42EOHY258HAK190BFSM50335
QH500I762,898,pending,08-10-2021,P12TLK16HVNJ374GDI373ISOS22791
PL129R175,302,success,25-11-2021,C67OBN76WCVJ092AXO923VWTI30913
YX221N219,1384,pending,17-05-2021,R91LVK33COGH327NPG245XGOB95298
SA058K150,1102,pending,23-12-2021,C46TYO43QOPZ618LFY982YGCR59827
VU380J665,18,pending,31-10-2021,C61KFC46FIHK560MLX478KZZT09180
SX949E266,658,failed,23-05-2021,I78RXJ59CSXZ911YOG433IZZP64498
OD272X110,917,success,04-09-2021,J47SSB42BIKQ946OUS191RHFM48159
YX633B590,1245,success,11-07-2021,J42CQU45KTCM714RTT164FKAJ10373
KM548Q959,78,success,16-05-2021,M69NNP44PASJ311BFP502DWQH20602
MC609R117,518,pending,19-03-2021,A80CRM57RBSQ452VLL096HAMY55162
MP669T719,532,failed,14-05-2021,Z69WIU04CPEW595DFM110EYGA75495
FN909L585,1209,success,24-08-2021,J68KIM16WWLV168FHV312CWQO12662
DN677C680,1298,pending,04-09-2021,T64TIL72RNVY420TFU446PIJA97783
OB437L379,303,pending,25-05-2021,D20OLX22HHGW072KFT623JPQR01173
MM833C852,57,success,04-06-2021,M56HWS50TRBP187UFA643FCCR63298
GM210Y799,756,pending,17-05-2021,G18MUX57UPYY895SPQ665OHYN92117
WL451T025,812,failed,11-11-2021,E53STK02CWUW536XCN837ITSB19587
DN368E177,354,failed,16-06-2021,L68TUX86VVQE992YAF084WALO25618
TP822O849,571,success,05-01-2021,C37TLR46LKTA977REZ102NTCV64530
TU390G865,336,success,11-05-2021,B11QRL99NQAZ906HHC853YYSC78280
KP629H711,730,failed,28-05-2021,L35HHO32CZWJ264LGU830SFFH76864
UH755X473,67,pending,29-10-2021,E02KKF55MHLK081DFP704RTVW85601
LJ591Y259,437,failed,23-05-2021,T88DOQ29NJXN237XUW167BSKM05381
MS747P519,1460,failed,06-10-2021,R70YND71ISCX093KBH854HAAK53142
ZB213R307,356,pending,17-07-2021,G33BTZ57YYUT366PTG958IYEJ38880
TY778D207,841,failed,09-01-2021,K19HKI94LIHX644SIC628TAMO09458
CN041T295,682,failed,12-11-2021,B25UMR99CJAB243PXX762MNPR55014
PM327G412,72,success,04-09-2021,S81LTM57OAKC009WRU249IJBO40195
IS435E337,1232,pending,25-12-2021,I33UOS76BBJS619UCK506SVTW50240
XE113N275,576,success,16-10-2021,X24CPS42PYKM677JPA684DUIO99443
FI736B535,432,success,02-05-2021,I91QLT42KJTP624TKY243LYWV80090
MS747P519,157,failed,28-04-2021,X82PBM91WINP100KDU121DHLG21752
HJ683O318,229,failed,29-03-2021,A51GQJ04PBOS758NJS453RLHV71758
RX624I496,449,pending,07-12-2021,G22XLP61OBWC589BRX294OUPO16534
BH149V654,417,success,29-01-2021,C10HUA14OZFH526RDZ936JLWE00126
PM280X224,207,pending,06-05-2021,H04FOD26KDUM626LLN281QVQD31223
UH755X473,1194,pending,27-07-2021,P69LEX96XBOY889OQA010AHNJ18699
IT065U317,182,pending,25-04-2021,N62OPK64XCLH980WQH829LLGM66700
ZB213R307,1029,failed,06-02-2021,Z43URA74PTEN628UUO421STUV76906
PR468O699,286,success,17-05-2021,F26CPM77IGMQ146CCQ890BQJP65726
IX492B434,266,success,21-12-2021,Y90RAO34WOQE829CWZ080PKMG25028
HZ645T973,1194,success,04-11-2021,M26LNM89UGBP017YBQ484XPEQ46445
OB437L379,904,failed,10-08-2021,K09ZLT33MUNJ150CVX114DCUU87481
TR829F782,1045,failed,25-06-2021,B55PZN73GCVY580TNE458HNYB15524
WL451T025,1287,failed,06-09-2021,D84JRD90FFFV507ETL790OPCS72411
QU249J633,1022,failed,14-11-2021,U70TFZ04YLQW390KSF926DZNN11085
BH149V654,136,success,17-06-2021,O28EJR15PTPK012CBI026UVCJ58299
BE863M528,753,failed,28-09-2021,G86RUC89KQVI274LZL313LECI92995
LD291I745,128,pending,05-11-2021,H99TQQ54INXT776YCW450JHKM42466
ZE784U400,861,pending,16-09-2021,V34BSH73PBOG656SHF782WTTQ17958
VF003C360,158,success,21-08-2021,P92NFQ30EPTC681VJZ481OCLA53507
PR468O699,662,pending,07-03-2021,E28SFJ35AKVT286UWE664WFLW66928
LW030Y589,1128,failed,07-12-2021,I82RFO04RGJS904PAQ283SZFN99199
SV648F104,959,pending,26-07-2021,O06HHP44PQJS563KBC662UCOJ73254
CN802W282,642,pending,15-02-2021,U22YAL59IMIL879RMR170RDEF87909
ZW458A642,1415,pending,09-10-2021,U12STZ53VWLD677GJB037BNUZ81795
IE884L371,623,success,20-08-2021,O21ROQ19MUKO201IKV279HZFL06823
AM337Z517,71,pending,25-02-2021,C77PVZ93YMHU217PJU723VYES06738
QZ593E107,1222,failed,01-07-2021,Y28OBU64LVGH607OUL116CCIP63938
CD236W445,60,success,28-01-2021,B28XVQ42JAUZ843WWE244SSZV07982
OG961L587,1028,failed,17-11-2021,J27IDS38VYTC119ABL977MTFB90674
CA623Z555,668,failed,13-07-2021,A53EPK23NNCK949ZAR576BRAV42988
KP629H711,1429,success,08-05-2021,J39OIE71AZAY011CWU937SOGI15384
IS435E337,1378,success,18-12-2021,T88XIA20NYIO511BQS737TCEN65007
IE884L371,1170,pending,10-05-2021,X61ZEE23EYWX943DFM423LFFD45145
ZV365G358,1363,success,28-10-2021,D17AXA88OUMX789SNA213IVKQ87247
UG184I775,1420,success,23-01-2021,R69FPI26TMZA124ZVB102PNBO27238
HJ683O318,455,success,15-08-2021,R05SGA33FEBS086GTZ714WURI12909
ZJ583B744,1314,failed,05-10-2021,N50UPR40WGRL251UXT128STBT03754
XC661G681,482,success,08-06-2021,X72PZZ21SFTZ027PLN582VQUJ03152
DP716H161,384,failed,18-05-2021,R24MOU36OCQB462RIE465YNHM28034
AS900A542,465,failed,16-02-2021,P71OXA89AMNM103MEC514TJIU51932
LD359E820,1000,success,08-08-2021,Z98ZXL49BXXP927DMI615GMJW64594
NU044E116,566,failed,08-02-2021,D78OFP65DTLB172MDI010QFHE81120
NP912R532,690,failed,03-03-2021,O92AVU64YGFW624WCA095MUDO87098
GG400L726,1219,pending,20-01-2021,N36AZL07IYOU778ZVE133YZNH56414
ZE784U400,1201,pending,28-09-2021,Q57GKR17DNOF220RSR453RLBZ99223
SH947S670,94,success,13-01-2021,N84SRW99YADA613MEJ795VCTG72491
AE308Y252,686,pending,18-11-2021,B18VCA09HIAK694BMY325WIVN24594
DP716H161,671,failed,07-06-2021,U61VMI50WDGC819BGE419CDHD67566
VF396Q607,764,success,06-12-2021,E95QHR40ULVA601CTB631GJSO63233
CA623Z555,1356,pending,30-03-2021,R66PJE79HHRG514VIB871DNEA56831
HO293N280,1306,failed,22-06-2021,T57UEX26DNVE165UFB868VVAX92898
MB035Z896,891,failed,06-02-2021,V89DMM08QUAW397TFA648JDFQ26808
XZ345L134,1448,failed,20-11-2021,Q32SQZ62XVEN262TGT531TEPY15230
ZM444U367,110,failed,27-03-2021,X90XOM60DUYJ380SRA111NUIF53264
QC237N230,816,failed,27-08-2021,H83JZW45WUMK191FLM048NXBK58906
LF577G105,281,failed,03-05-2021,B79PUX58XBZW247XIV343SSDX53474
TL202E457,325,success,08-10-2021,Q21BCI16SHVF982DQP006CVBA07160
AD198A662,872,failed,12-02-2021,Q76SNQ89VXCS479OFR270CEOE46447
SS305W192,1500,pending,02-01-2021,P84NMQ32YCLL531HPK686FOZC51436
RA627K655,469,success,03-05-2021,C63LFG09VIUS157FXH302EOHZ52609
UP347B093,77,failed,25-10-2021,E30CDE41IOTG306AIQ357NPZB21116
IT065U317,646,success,29-10-2021,M43BRD80SILL521ZFM853GRQK05468
ND024P655,89,pending,11-04-2021,K41VPW92VGJF402JIB991OPNX53505
IX492B434,1380,failed,07-09-2021,K82WUW91IWWR903TCA063PKHB13262
RS673K258,1077,failed,02-12-2021,L97IPN62JGEH582MPE732FPUW37925
YR058O045,287,pending,04-07-2021,R31VUK16MCHC490DTX523RSOZ99975
TL202E457,409,pending,07-07-2021,M98UYN53CPGH642SKV312AHIO22667
LX401F741,1344,pending,14-07-2021,Y18XAJ69DURS554PUP215QHLV91638
ZK264F124,646,failed,05-08-2021,C49SSY18FHWH733ODF199SXQJ72845
VF396Q607,1467,success,17-03-2021,R43HBI05TFFQ068IFL459DJRH59817
HV516Y925,506,failed,16-02-2021,U17UTQ68DOIJ705RAA096VRTU13475
RG917D984,1051,success,11-02-2021,E81AAT81CENE708TFO966BSZS45247
ZA619Y077,351,success,15-04-2021,U36EXB68RCUY193VCR116FQVS69553
KI119T122,859,failed,08-01-2021,D47SQT49WRPD340FGM684DWWM91524
DI049M389,5,failed,24-10-2021,J29JGT73UZGN081SOW815BUGC44589
SO176P640,1207,success,15-04-2021,S18QXW87ZZTR757RNP658LXCP30590
WS760C635,376,pending,26-01-2021,U45YPL18HTWO505EXC253ERQA05191
FN909L585,210,pending,16-05-2021,R52JRE46AMXF935XTQ735ORIG39368
QB920A514,959,pending,01-02-2021,M50BPP66OZXT735GMB397TROC45826
BK811Q368,592,pending,13-12-2021,W90DJQ26ZXSD751RUR832BXXV74005
SO176P640,1106,pending,07-08-2021,L70CIC62ZXGO002YAR246ITKW08161
JV111E384,1010,success,11-02-2021,F44LSG42WBAS196FBN283TLKC76679
SQ851J332,335,failed,18-08-2021,E25JFQ75YMSD087NVF393TAOQ46462
ME152T794,1470,failed,11-11-2021,V24LHE55GWKW890STP727URRR94879
SW751L618,664,pending,04-12-2021,S58IND95KWHR120FXW740UHMB90826
DB055F833,6,success,08-05-2021,N61BJR13BJWM300ZIY148WZKR41546
CB575O603,1174,pending,17-11-2021,L98DVB56TARR508CBI099NIZX90726
TY778D207,892,failed,14-06-2021,X30KIW42UIFJ319YQQ223TFDT06417
DD930T608,1055,success,26-01-2021,K81JFD68IZNX997CAJ363HSUF11629
VB937X658,135,success,29-03-2021,F58IDI81NXKS574BGY108GKYL85030
JG839N689,975,failed,26-03-2021,H06YYF42OQZP970CDM128AVDB63843
YD712U986,272,success,04-06-2021,B48HQU78OACE505EJE381WQHE71520
VT276P210,1399,success,21-10-2021,C23HTT82CBHR934ABH296FTZB28186
NU044E116,744,pending,02-05-2021,D00XFR75DANJ379ABD062RBNO92258
VF396Q607,409,pending,14-12-2021,O75VTX83HFSQ463AFG175MWWZ57662
DM415W307,1447,pending,14-02-2021,M78KWG78CSVD082XVV169CBAT25970
TK520G300,1433,success,03-10-2021,O17PAX17DSUX416QKT737JACZ50323
DI387F319,876,failed,16-07-2021,X82OOZ66KJJA701RXY996YZMR78193
DW925L350,105,failed,20-05-2021,H02AGU15RTYG236IAE740OMJY38278
SS617T736,623,failed,25-03-2021,P05OPU36FSMP815NSS289WDIK46313
SQ851J332,649,failed,01-02-2021,B36WUT08MABT062VZH329TPBB95098
AO305P644,754,pending,26-12-2021,D30RHQ23FMAV215WXG695JMDN44000
WS760C635,1095,pending,12-09-2021,W78HCS76PPHI537TXO843YBJJ47880
ST154D242,1349,success,13-10-2021,Y70IPZ93LFQV593YPV398UHHF61317
ZP563J122,635,success,29-09-2021,B80UCQ21OJIB268WRO053ZSLB02400
HO293N280,1489,success,29-04-2021,T15RGM20RISJ006EGJ366HNNA48837
RA627K655,1361,success,10-05-2021,I66OMV89OYDL391XHK570NTQR06717
AY370B474,1036,success,14-06-2021,H12RTD01NBNM872XSX436ICJQ16860
MQ908H184,978,success,10-10-2021,M78VDV82WMKI628JGV610WDGE38948
JW544T657,192,failed,16-12-2021,W36NRG10SASH474ZOI353KBTY31856
HT389I373,744,failed,23-11-2021,T22QMN94UEUF434FKF895FLUJ81158
EN304H974,831,success,24-08-2021,V20SUT76NXUT925WPQ068WHHG94269
UH755X473,817,pending,26-02-2021,M69LVP62GBWL304GPV583BWBR73494
MQ908H184,1193,failed,15-04-2021,T47FOW82OCFI489YMY254HZDH56180
YD712U986,57,pending,15-09-2021,Z50ZDA15KNEW970RXH433FORK22508
HD976I387,244,pending,07-02-2021,L02KDR48CMNR915ITE084DUZZ96158
RI177C089,1188,success,02-11-2021,F57MVG86GVSK459MHW459RMZN58088
TG823Z898,553,failed,24-08-2021,M86VGS65GRHN288REQ465LZDM21293
RS673K258,1120,success,28-12-2021,C97RXT16REXS316NDO565VCCW34928
UG184I775,720,failed,30-07-2021,X51RDB19JUCW342RCF852FEVQ39073
ZA893S250,960,failed,18-05-2021,N43BAM43DKKC333TSA926KQAB65700
LX401F741,1314,pending,28-03-2021,D16CMW60EKGE572DUD580DZDP84702
QW269R953,607,failed,19-03-2021,Z39FZK40JCMH014EIU591EORY43540
UR168A810,11,success,17-03-2021,G02PFW07MRJJ695FUZ947XCDD82182
TM568V532,825,pending,16-08-2021,Z41HMM32HSYZ466CWD936LWJE54000
AE932F890,689,success,15-02-2021,Z02ODL71ITTG323FBB591SAKE24660
BT082T059,808,success,31-01-2021,E08IWA54UAMV979FPP523CXBY80586
MC609R117,376,pending,04-08-2021,Q88NBD90YGJC567CLB929FGJZ36671
EI746Q368,1396,failed,03-11-2021,X18DMB46DHXS729NVC943KNGA98014
YR058O045,745,failed,02-04-2021,J39BSG81BGCI650JKS522XRSI47970
XE113N275,1029,success,28-04-2021,Y84IFJ44JTCD794PDK128DPZZ47167
QZ593E107,1367,success,18-07-2021,B46ULT14DXMS446FUP110EYQS22365
DM485Z575,1300,pending,11-02-2021,U20VRD27TXRF485BAO382XUBM48532
YX221N219,825,pending,05-03-2021,P33FEA62BLFJ589SZR654ZQIN71676
DW925L350,1278,failed,11-06-2021,U93NJU91ZJUZ464UPT167NUEC94935
AE734P630,1375,pending,11-06-2021,H27CZB39ACPK961YHM827UXPL81251
SQ851J332,303,pending,06-11-2021,B20MZX82YUVE666UJK521JKAJ64989
HD976I387,407,success,03-08-2021,N34JCC57LEKJ784IGM794RSGN47283
ZW458A642,75,failed,07-04-2021,U79FRR28HFNO623QCV665IHQT36980
DD930T608,51,success,05-12-2021,R25UOJ19WJYP310LJU995KKWP94525
GI743M359,102,success,20-02-2021,L70ZBL93JHTH838JPB136RGFQ54718
LD359E820,1411,failed,13-05-2021,S91XMC94ODVV516HDE954NMVT97255
IS435E337,1089,success,27-02-2021,O53CHN17JLTB325PJN505DGTB78417
CL316Z324,1226,success,01-11-2021,O51PFD31KNHF577FRZ233IFQA18488
AE734P630,637,failed,25-01-2021,X62VQL33RWZZ962JSY198LHEC84075
UE432E775,461,success,18-01-2021,Z58EIC97RSLH275GDO615KQCW41323
UR168A810,1420,failed,15-12-2021,V86VYX45AAEQ181TRT718CTWX00102
OW430H006,350,failed,02-12-2021,Z81ZCT40LXTL268VRX458MDNZ74130
VB937X658,1477,pending,05-09-2021,Q86RFE71APQC277SFH135IGQE94733
HJ683O318,237,failed,31-03-2021,F73SNU28LICV591EMM416OUWY26167
GJ306C092,1337,failed,10-06-2021,M61LBX38JPAX832GPR165YIUZ75560
OF223M538,1343,success,04-08-2021,P31PGH18OKTN259VCH021UJNM83533
ZW458A642,850,success,02-06-2021,L57NYX86YOHB608FJW804SWLP83173
PM280X224,1199,failed,16-02-2021,D52IFS21NFEP247FPO135LIQG07298
GN496C048,56,success,23-12-2021,N24UVI51ESRL370YUM494OVFU31770
PM280X224,1064,failed,20-05-2021,R54RZC96NSVM263MOC574EFJY42168
KT756M264,278,pending,29-11-2021,E69PCP02IYKW515VCO566ODNG47668
YD712U986,219,success,09-07-2021,Z07PPA55XNKX547FJP458CUOQ03962
KB450M625,953,failed,03-11-2021,Q79AIC77YYHR087BDF166BXRH14959
DI387F319,1347,success,03-09-2021,E55OCE21LWRU179BNV583AGPZ61113
YR058O045,633,success,01-09-2021,C89ZKQ17QUXL898BZE517XYSY86111
SS305W192,734,pending,26-11-2021,B78HEP09MTMP771JLO048WNMG42330
WJ621W478,1162,failed,26-08-2021,Q50UHG34HDUS261HDE325UZKV27679
UP661N370,661,pending,11-11-2021,F96NUV83VAMZ547BGP829EHGU04490
IV974K425,550,failed,12-02-2021,B75MNQ57SOJO254XDS299NDDP73370
XC661G681,1172,success,20-07-2021,E19JIA81QCMM813NMR754CQEH90257
FM596P313,433,pending,21-09-2021,C62QQM88YRRY573IDF881YWCI95476
CD436U275,1395,success,02-02-2021,J01KJA24MKLT193QSV886HMJY19303
XV276D113,244,failed,16-07-2021,A52XTE09DBUV123AZT415VJLF75580
QH500I762,748,failed,26-11-2021,Z52WNV09DTMR750QUH387YDWA94661
BV906G209,315,failed,20-01-2021,W67XTM91ECUD635NXC547FQNM78878
GX924U676,662,pending,05-04-2021,C58RRR59FDLE756LJX754WSOC54094
AS900A542,703,pending,12-12-2021,M25VFX48XOGB635IQY006UBEQ63523
AY370B474,790,failed,08-03-2021,P13QBW15LKYT955CTI646KYED93107
EI208A381,471,pending,25-06-2021,N61HKH00RNPO490FZI616QGID77124
ZK264F124,1034,pending,25-07-2021,I25LVF03GFMG559AIG797PUZU55594
YA724N557,665,failed,05-11-2021,U20GTR47EADX552HKK895AEWZ95328
WJ621W478,1414,failed,16-12-2021,E92AMB62SKCA849SCR587ENEK65618
PI832L721,802,success,03-03-2021,E20XTA41VCZW176SXT735MKPE46914
TG823Z898,695,failed,21-02-2021,Q63GKC55RABB072FMD624XBPE62531
ZW458A642,1076,pending,17-08-2021,X78SYU86QQYU110SOX557GJAW41360
PL129R175,1222,success,29-08-2021,S10YQJ59HAGI357OOG482EYUP06997
RA775H148,815,success,10-01-2021,L12OUM88PIIG254NQM892GRYC01503
KB450M625,1181,pending,27-11-2021,T43YAB99SIYX024QOC212TOGQ58559
ZW458A642,660,pending,07-05-2021,E24ZJD33TBRM844NCM775KTWW46788
QZ657G453,599,pending,02-07-2021,G36BXB21MRAG136JEO929HMGX69033
WF384S128,494,failed,12-10-2021,F60XBB61LPSB828GCP265YGAZ30181
GX924U676,384,success,25-04-2021,I56YUB07QSZV727MQW423DQNX72222
IO271N231,1357,pending,27-04-2021,C68HNQ56SBDO487UJG644JOZH09888
TM568V532,299,pending,16-06-2021,R20IFW39FUOU569QDT967DYRW68373
DM485Z575,890,success,04-01-2021,N11AZA49EELQ944PSW776ONLL39616
AB513L960,505,pending,17-06-2021,Z83AZY57BNSA205CWG249PDPD97914
TM568V532,453,success,28-07-2021,I40PQL71RQGR908JLG887UIVD05773
GG400L726,1319,pending,12-05-2021,U22XWB59LEFR220WHK869MCAK98142
YR058O045,112,pending,27-05-2021,D13URZ44GZNN462RPE866OVNB65841
SW751L618,1414,failed,09-07-2021,Z29ZPE92TCON032EYA896NJEA38137
EI208A381,806,success,25-03-2021,X36SGI35TWUC720FRQ211QOBP79998
WI723G671,1013,success,18-03-2021,M61EPN84BJHM328YMI898KUZB32342
CU534X734,143,failed,28-07-2021,H03FRS35LXJR944CSX668KBLO93520
JQ399I211,335,failed,07-10-2021,E64AOB24SIYS595TAH169FCTV29198
DQ023I339,765,pending,23-06-2021,N79ZMB47EOJD468JPC403VQEG63943
BS468I461,647,success,20-09-2021,P20PQO60RLSS519QWY589QRYF54245
SR925Q712,98,pending,08-03-2021,Y21PCD25RBOQ807GQW612JTIC62303
UT937I192,280,success,18-05-2021,A52XJV35RFTM783RWF536TTGR67125
XV276D113,1440,failed,14-04-2021,K77GNP29HECM128ICM883MXFF76372
MM833C852,1446,pending,05-12-2021,X81AIT17OHTX285DDV563WEMM93616
DN368E177,532,success,08-01-2021,J41IIG72EEUM610NUN557KWOR51405
SX949E266,977,success,01-08-2021,A83YUQ57PUQZ563IMJ342LIRD48684
PM327G412,1109,success,13-08-2021,V22GQY54TWIT667CBO670DGWZ16940
TK520G300,1351,pending,26-07-2021,H34DOO03NQLR148GTG215QDAQ74233
PM710D480,888,success,21-12-2021,Q79HDC88YOCN672DJJ664VLFW31798
AM187P601,952,pending,17-01-2021,Y41MGN48VWMJ612TYI305DUAD18552
HT389I373,546,success,31-01-2021,Y93KFW58VMLY177PAS519YOOI02959
JZ022A747,569,failed,01-04-2021,O41SDL78VKJK406KVV873QYIW21394
JV111E384,641,failed,25-12-2021,T54IHR23UHMA892YIL834BFQM50170
DB683V706,1444,success,26-09-2021,T68ZUB65FBPZ172JRO238IYJN01109
ZB213R307,1226,success,10-05-2021,L34QIJ71UVJR777IAY518VKGR08505
JM091Z485,1200,success,03-01-2021,X07BAH22PILA501PQR056WNSN01387
OF223M538,587,pending,30-08-2021,E54PNL92ZMIW973YGJ000TTYS00832
HT389I373,1222,success,31-01-2021,L72DIF45OGIA832DNB422XQMW78332
PL129R175,1400,success,25-09-2021,K99XLD86UFXM808DSQ979CVYW86509
BH149V654,772,pending,14-08-2021,J51DEE05ETSF047ILZ521YLSA38213
WI723G671,1240,pending,01-06-2021,X24ONN50TCZE983RVD249MMGI63055
VU380J665,805,success,06-03-2021,X49YIL61UKBJ445SEF039VEGB24289
CD236W445,634,pending,28-08-2021,I05YPB04OTXO787PIT125YLFG52743
RG917D984,1447,failed,30-09-2021,A33GOX83CBWQ313VVN654NSZQ84000
PR826Y372,223,pending,22-09-2021,X22KCY43JQHF042KOI228TLMQ14699
RS673K258,930,pending,20-10-2021,B58SOY43UGRA468CHR652ZCKS04568
TR829F782,692,failed,15-10-2021,P67WEY95WAPM538DXH742MWMQ97215
SU246J533,1343,failed,16-05-2021,U13ANT97TLIG360APG203OSUQ88744
HD976I387,976,pending,06-03-2021,L86GIU14LUEO454MUT828LSNJ70014
XZ345L134,327,pending,25-09-2021,T46BWU68TYTH474TZZ887LVKD61813
ST154D242,1338,success,25-12-2021,A69QQR52IPWD256YAZ302GJTV85742
RS673K258,152,pending,14-03-2021,G30CNH49MQSA414FHO077GNQQ40907
UR168A810,729,failed,27-12-2021,N03SWU83HJEU857OEO679YARV83408
NL454I149,1226,failed,11-11-2021,K35QRW25PFJM769XEX103SBEU47062
OB872R927,277,failed,16-04-2021,W37CSH19UBZA458YIJ885IWCE57490
AG094K007,1031,success,02-06-2021,L37QGS68ETXR570XKK681KBRF28020
LM067V409,298,failed,18-06-2021,I59PIP87NGNR966HUN042DOFJ17635
BE863M528,1483,success,04-10-2021,P95CDQ17HUBT413NLN342OYKX97104
DM415W307,266,failed,17-05-2021,J87TEZ10GOYW964TMG337CNTH02403
VU380J665,44,failed,30-05-2021,H67JRT74BDEL539JHX954KYEH00641
IV873P654,657,success,19-07-2021,U03ZTT58KXBI344NMQ165UNQW52845
GN496C048,852,failed,10-06-2021,C13PUY59SNXH635RCV310LSYF48055
YD712U986,376,failed,25-12-2021,S93CPJ02SXUR389WPU583TTIP62892
NL454I149,931,pending,27-12-2021,E63GKJ45FMXL058KHP743BKJE71747
UH755X473,238,failed,14-08-2021,Z91NCV34XNNB600QWG428DKXY75510
UP347B093,981,failed,30-04-2021,Q75NJG27ZTKS839BGE369ZMDP95243
JU146N698,744,success,02-08-2021,Z67RAW26UWXD280WEO481QPPA99617
CN802W282,1143,success,11-02-2021,I24ASL65BZUL220ILI068IPFV10347
SX949E266,877,success,07-07-2021,Z50LJZ21AJHX438BIO889WKZY91897
UA749I897,519,failed,05-06-2021,V24BIK03JFDS464SES390AIVQ47860
XB621E537,909,success,25-05-2021,X96OQT53FKSP425FWW663VVWM26731
OW430H006,177,success,23-08-2021,W04QPZ54DWJM704EBF372ERQB40541
YT580N616,21,success,13-12-2021,N38VIM45FTPT450TYZ541JSWQ00202
RX624I496,669,success,30-09-2021,X14YKJ81GFZP519VZF536IFGL27854
PM280X224,85,pending,08-10-2021,V35UXP80NWIV034AEG345FSII73023
SO176P640,1058,pending,18-12-2021,G28HBU14RVBJ027EUJ989RICK36697
OB437L379,1384,pending,17-09-2021,O57KYS58XVHR755QXX753LISY37364
OY075V727,42,success,28-09-2021,Q30SRA31VNBS692HAX153QDFF02461
QS374J978,387,success,28-06-2021,L15HTM82ACOZ936DMR275VKHV33901
AA462R669,1247,success,24-09-2021,X02DSO34YZOW734HHH040CHAC62125
TP822O849,1013,failed,28-09-2021,K78YNL84UJGX101SWQ260EADV70288
AM337Z517,909,pending,12-10-2021,N25RXN07WODV630TVN349RNOQ56820
DN677C680,577,success,12-02-2021,I61DHE11LGRP290KDB166FFET40073
HO293N280,137,failed,04-10-2021,P37SGG42WQWL187SXB356IUFX93586
UT937I192,445,success,09-10-2021,L21TEP94UNDW783BMK350YEJV18148
GI743M359,1258,success,09-09-2021,W17YSS06LJQL535NKM230JKZH32720
CD236W445,389,success,01-10-2021,P79IQX86OSOV867IPI083RMMA27238
DL185F133,36,pending,24-05-2021,W40AJF55DPEE796POB554ZJRY97160
HZ606P556,1402,failed,10-02-2021,P77BRU45KVBG919IVZ502MLUC90750
ZW458A642,506,success,26-11-2021,K62HKA33BYEA327ASP469GDOC64502
HZ606P556,754,success,03-01-2021,U61TFT08GBEW839CQZ460CNLN45398
JE474J453,1066,success,16-11-2021,B19RVL11QAAF055NBF660LDSF53118
DF592K694,1374,success,10-03-2021,F38LNB27THSK740HPC114HALR00127
KB450M625,86,failed,23-04-2021,Z64CBQ08IVHK506JVD022CNQN01346
YR058O045,1167,success,19-09-2021,P83KOT85GNVO793QOI483CTHG41072
KZ274Z395,959,success,30-09-2021,K83MCP58AHGU053KHP407WOYP73355
GJ306C092,471,success,25-07-2021,Z93HSQ81NTVP542NUP821NEUT89270
RH913F718,205,pending,09-12-2021,O26ECF64DKVL645QTM848KTCG64387
QU249J633,104,pending,05-10-2021,H74MZE46TUCV248VSL862AEFY23156
QH500I762,335,failed,27-12-2021,N92KZZ42OGAV224OIQ330NGZH21594
VP679S874,821,failed,23-02-2021,F79FYZ96RQNN511QYS439JSFJ28291
QT859X501,660,failed,17-08-2021,M10LQD53TJFT733RUQ605IVIK38553
DN368E177,1285,success,26-04-2021,V37XFV71AAZD743ZKD763FCZS28084
KP629H711,321,success,30-11-2021,Y82FBT92UMFP816YRU633PMVO40650
QX517Q200,684,success,12-08-2021,C11WEX56BBQZ238QUA422DQLA15274
TG823Z898,914,pending,01-07-2021,I61JVA19QTBY401ATC141QVVL01741
NP912R532,1024,pending,19-05-2021,S00UXH29WWPG610UKA296ECFV98194
KM548Q959,1013,failed,29-05-2021,R33YAC00YTPB776XUG097GLKW66845
SU246J533,1305,success,10-04-2021,S58RMN31YCFB868YRS402GXYW77783
IV974K425,337,success,02-10-2021,A41IPC39ZKRE583XDN041DDEF96560
OB002K169,519,pending,26-06-2021,P05EJR79GNMH932SLC574TBUE30226
FY016U565,880,pending,03-07-2021,A21CUV38YPHZ264RGM738YDSQ39913
MZ136U171,272,pending,21-05-2021,L65CHZ33WTTG979NIT371AGHG20984
MW734K347,650,success,13-07-2021,M04TDM43LSJH087UAI575SFAW50668
AS900A542,568,pending,19-06-2021,R38FBR95CAZN873TQL953ORIQ37080
DW925L350,326,success,09-12-2021,W76AQO91EIXC379KVA553FSDE71808
ZP563J122,357,pending,12-05-2021,C51PZN88QDFA193EGC228AUXF61024
RA775H148,820,pending,26-12-2021,H62HFI31AIWE050YLP980YVPM20919
TH366N766,657,failed,19-11-2021,K74VOW81UUFY197BXY510MTAZ01898
KP629H711,843,failed,13-07-2021,Q68RJQ89HXTZ931YZM973HITE40386
PR468O699,441,pending,01-08-2021,J77JDV44PYKV934QQU849OWRQ27530
DM485Z575,1419,failed,04-09-2021,O54SFK35NMTN799ERU311FERT24467
CL316Z324,473,pending,17-06-2021,J25LAN25ALAJ047XKY396NPTG75282
DQ023I339,1055,success,03-06-2021,F30LXT35EJAM648FSD252VKWV28173
PM280X224,502,pending,04-07-2021,P20DGM86HECA455DQP652IQLQ13013
HD976I387,537,failed,13-09-2021,F97IDQ44WIBB257CLF848XAMQ90131
AE932F890,1434,failed,28-05-2021,Y39OCZ97ZZQC641NMG205XRZX18235
DW925L350,919,success,14-10-2021,B64POX83UCVF679FPP618TIDE57790
ZP563J122,67,pending,21-04-2021,M51ETP44RTMG399AOF164DBLZ06876
DP716H161,217,pending,30-07-2021,X37CIQ86PWAT244GPA354PJFU36633
MC609R117,982,pending,12-05-2021,X98XWX83XKCQ956WHS540XBLF95360
WG627I524,731,success,07-11-2021,E98GUF21SUPG267YOX960JRUR62920
PM327G412,1469,success,17-06-2021,G76ZFN97PJXS136QPO703FKXC83454
LM067V409,1404,failed,20-07-2021,C47VST93QZSH936WHK140USMC90909
TU390G865,541,pending,17-03-2021,V74IRX54WYOZ316SAB813AYDX41275
JM091Z485,339,failed,07-03-2021,U13RHF23LAJY467ZUR171NCIJ81549
JG839N689,536,failed,09-09-2021,L65IRN69ICGE709XCL615AOLK70969
SR925Q712,518,pending,06-10-2021,R51NYO89PCYR198IFT617XSFS18145
LJ591Y259,227,failed,07-10-2021,L03MVR48TRQH903CWE903UIIZ22078
GM210Y799,11,failed,10-06-2021,M91LIS89WSLQ717MVI939GSYO14834
IW202D005,560,pending,14-05-2021,X17AAP95DENE492QXV036LNSC88676
EL647T301,592,pending,07-09-2021,L75HCF96LGGV431MUM948ZISQ62142
DN368E177,1089,failed,26-05-2021,X90RRE27JNMJ509WPM371GDQJ39539
GC098S828,1334,failed,01-07-2021,U75YQN86SJYZ023PKX016GYHK77872
QS374J978,473,success,25-08-2021,E14SEI79XTNC797ZLN100FBHQ44071
ZM444U367,296,failed,07-07-2021,B14SQS44PBXF112GDY420HISS97486
VU380J665,562,failed,12-12-2021,J64WAM52EPMJ657XRM073EHEI82227
AS900A542,310,success,11-07-2021,B20UNV64EMKI609DTP087KXCI04279
XB621E537,251,failed,01-08-2021,U59DFN09ZQIR756CKI509JHHD31466
OF223M538,789,pending,04-10-2021,K85PCT68BCAC538PBK163TEEK31114
HJ683O318,71,pending,20-05-2021,K23YTZ33FJOA885MKK020RWYA85891
JQ399I211,394,pending,11-08-2021,O14BXM26UFFU678WFZ865RXLO43983
LN652F914,1310,failed,14-07-2021,G66YPB47ZKXL073SXV374IHGG69915
KT756M264,562,failed,19-08-2021,Z78ESK38SQAX159YLZ188SFXM72723
ZK264F124,1034,success,15-04-2021,L58GCR03AOKU448MSL220OHPP12545
SS305W192,1490,pending,14-10-2021,Y96LYX38TZLV524NXH314IIQI47689
LD291I745,1203,success,29-09-2021,I43GPX15KPVO327ZSY612OOTE92409
LD291I745,1413,failed,12-01-2021,X27HRP17IMYJ871QNI240DVEI16630
IS435E337,1385,pending,04-12-2021,O03SUN12PIRN320XMW271ODVL76485
RX624I496,329,pending,22-11-2021,A53LKS37FWUA299OBU490OWKR07012
MM833C852,199,success,02-06-2021,Q22BMA96HKCF814LPD567ZEQQ01936
ZP563J122,1360,success,25-10-2021,Z34TCI05BFVQ572ICT238DDFK78167
ZP563J122,829,pending,10-10-2021,Z63CBY66GHMR336OPD040AMWR78300
IX492B434,121,pending,16-03-2021,J49WIL89XDLE551XBV741WRZI39890
HQ337F504,921,success,19-06-2021,P14VKK73TVSP690OGR621FYIP19684
AG094K007,1244,failed,04-11-2021,Z88LKE75AFDQ754SGQ161HMWG15812
QB920A514,659,success,07-04-2021,B49DWZ89FJYK744GMD160ELQD80408
VB937X658,1035,failed,18-12-2021,T71OGN83UXJB829MHD693NXDS37227
DD930T608,591,success,11-11-2021,E97MTH21USUN547OCG579PVSG29881
SZ751C533,1375,pending,12-04-2021,A45CTA35PYOT471LTM349DPTR82982
ZB213R307,606,success,01-02-2021,F98PDC05NMDA786GHF740JFGD31377
ZB213R307,979,success,19-03-2021,P22PEB55XXVK696BJR754XBKG05545
DI049M389,230,success,29-05-2021,E10KXY72KGOF602VCZ614TLWN95127
FO466M198,770,pending,22-07-2021,R72UDC55JDUS473DYP162EYNW06713
VU380J665,740,success,22-05-2021,M44VKR40ACBB763UTQ569MLLS62601
HC919T416,1485,pending,29-01-2021,P92RKP48MFQV157ATN193LFUB16233
MZ136U171,1499,pending,13-02-2021,M32MHU16AXLY185OWT467FYNG30307
IT065U317,823,success,27-04-2021,W21UOH31DUSP735HQA585RQAH67959
RS673K258,508,success,25-10-2021,R63WWY95UHCS745OPB550KZBH07865
OG961L587,613,failed,21-11-2021,R91UVT80BNAT858RZS734CEOY59082
IX492B434,1035,failed,14-09-2021,Q70LCU74IHKU802LII395MSMA98237
ND024P655,249,pending,21-10-2021,Y70MGH57IMJE863TVM999BOEF69139
SV648F104,890,pending,04-08-2021,I72JCP53BKBW703ATT047ZGAR02178
QC237N230,786,pending,04-04-2021,M99VSX41VEHD967NCI472WVEK95787
GM210Y799,561,success,20-08-2021,T79UFV53WSTW046WCA672LHCP62824
UE432E775,1456,success,10-06-2021,L50PGU97HEZI383RVL779VBBU02001
SZ751C533,561,success,24-08-2021,Q64MAI32GWHF549YLZ167ZUEZ12939
FI736B535,1157,success,04-08-2021,T99EMG92FNBR033PHC103JFNM85401
DB683V706,699,pending,28-07-2021,X06NFS48JISH175FJR806SKLP27774
NL454I149,1021,failed,17-04-2021,T21DYJ96UKTQ728NSC776XQSD95843
HQ337F504,415,success,09-04-2021,L73EHO12ZHMV969WYX133VQLB09732
ME152T794,1455,pending,16-08-2021,B79BUX89VVLT421PAS602EFQF69253
HZ645T973,1097,success,19-07-2021,V38KDY79HOQA897HGI907LKKO53619
DQ023I339,747,success,30-07-2021,M45TUR54QNOY716MDG124VIQP98422
KT756M264,276,pending,16-12-2021,C85CRR43GKCD186YLK058UYIH89386
QS374J978,19,success,16-03-2021,M98DBE57BHTT065KEH407LYWC92425
OB002K169,866,pending,27-05-2021,Y17PYO74EDFV942TQD211ZTEU75453
CU859M545,451,failed,22-05-2021,T23ZWA65AZOJ840NPP822ZPFU51663
CU534X734,542,failed,24-09-2021,R33AVU79UVDT170TDS118BQBB35096
OY075V727,226,success,23-04-2021,G87BMS12EWMT751MEY886FCAY20778
QS374J978,773,success,14-08-2021,T08MCR24XYPN787VDV810TUFA47987
RI177C089,544,pending,19-11-2021,R42XWB19VLEO025NUN963RTKW96781
CA623Z555,749,success,26-11-2021,M45YXL15HKYC451TOQ142LEUJ78116
ZB213R307,329,success,12-08-2021,G56QLD31ZGYQ390EFT353HVSR75546
OS004F706,1391,pending,08-03-2021,I88WRI02MMVY127TMA320MWXI28440
US327S959,208,failed,04-06-2021,B54YDQ45FHYH837SKU687ESEX65981
UH755X473,1044,pending,06-10-2021,T57GDA05WUGY835FPI796VHUO11445
GI743M359,405,success,04-05-2021,R47VBF22XHEH979RLM621OYNA37396
OY075V727,1101,pending,03-04-2021,B55NZJ19XEMJ400QCF393OAMT25308
ND024P655,1259,success,16-12-2021,P88JCZ83GMOH480EPU953CBFM45192
OD272X110,63,success,03-06-2021,C63UKA04AMNU400XMF995STLP38390
VF396Q607,888,failed,08-10-2021,B85POY27JMMU922IXK637CJOL39251
QW269R953,1016,failed,30-05-2021,I79DZR47XCSA027NZU890VAPS49651
YG069L426,754,success,31-08-2021,N94YBW58FBCZ299OJI794ZCXA95715
AS900A542,697,failed,24-10-2021,O92BCT05BRYF060IFY421BWHN40856
RS172V951,35,failed,13-02-2021,D21EHN53IEAH435FDD281IRGW91715
XC661G681,1166,success,29-12-2021,A35JLN08FQDJ990LIR930SKPG38606
MW734K347,854,failed,18-01-2021,V54CYG17FPPF213YLM756JFZB03147
TL202E457,909,failed,14-04-2021,L76PCN59EYAH169VWB615ALWQ35508
DF592K694,653,success,14-03-2021,T40TEH43TKSX854JMX317VMZQ44181
DB683V706,681,success,14-06-2021,P69DAV73PGIM400IWX794TDHW17366
DT374O279,345,failed,26-05-2021,P23LYL36UBHA133HVT266IMSZ18266
AE308Y252,370,success,23-10-2021,A09YYC59EQZZ555SAS068MDLR23912
HQ337F504,258,success,16-08-2021,A67PMP33WZLN211XGN468GRGQ55006
KB450M625,84,failed,06-12-2021,Q73ZZD63OHWA554VJK791BAMK91089
CD436U275,393,pending,26-07-2021,J62KAJ78DSNJ978BHY609YGWF68815
IX492B434,1357,success,22-07-2021,J32TFF53OFNZ767MBG306PKNE85694
JW544T657,1022,success,10-06-2021,D82GAE96JMRG476OGL386EUVW33828
SO176P640,140,success,13-02-2021,S98LLP40JWDA723CZQ071GOZT58357
DN368E177,1408,pending,21-11-2021,W77BJE72TDLS130ABX149RHJV68729
HC919T416,742,failed,30-12-2021,K88RCH93XAFB152DUF160RMXD06828
YQ835V389,478,pending,05-02-2021,Y64DOF62KRWP514VCD354LIKD00398
UH755X473,854,success,20-04-2021,C56OVE27RJFT866QPC149IOHD60704
ZW458A642,1110,failed,13-11-2021,T68JUJ13CVCB444CTP319LAHU91016
DM485Z575,945,pending,05-11-2021,O55GUD40NIZS543WCT343UGCW72520
TG823Z898,427,pending,20-04-2021,J42PAU47TQVI564RPB263ILFC73684
LX401F741,1226,failed,20-04-2021,K41FMN29QPUC089DRA220VOEK89599
AO305P644,405,failed,12-10-2021,V23RVU81WTFK789CJQ488UTTE81720
HT389I373,141,success,01-05-2021,J06ABC13NJDZ184GOI705JSQF70649
JV111E384,478,failed,17-04-2021,O64TVA71SJTM820KRO946AONC54671
HC919T416,1002,failed,19-08-2021,D89NTC43FPDR468MZJ613RRSB06710
SS305W192,690,failed,17-04-2021,D73IMP56UQNX662WEZ807XMVA35278
ZV365G358,1122,pending,06-07-2021,N82LGI23DSTY376FVC687IMNH71037
GM210Y799,941,failed,09-03-2021,F83VSO86YINJ562FBA894CGJR43553
SH524Y065,689,pending,18-03-2021,I45MKZ17AONX266FCA775VSIW49481
JZ022A747,485,failed,23-05-2021,Y99UJY45LESV944KBX820ZTMS87090
HD976I387,390,failed,07-10-2021,N52XLG19LJKC027WVY784OKEZ21861
IV873P654,802,success,05-02-2021,R01OWF37FRVS484KFC812NPSG97012
LM067V409,146,success,19-03-2021,R58RSE24YLTL112CNE236GQVN78415
CU534X734,434,pending,12-11-2021,I58TDE94PJQO327ILX885OISN78366
VP679S874,590,success,27-11-2021,X99XOS70FENJ652ROZ333OKSP86835
JZ171N908,513,pending,24-08-2021,V98DEF96WDQD409YVS220NGEM24094
GR833J513,411,failed,10-01-2021,K90XYK00MIJD835WIN866BMAS40958
SH524Y065,19,pending,21-06-2021,A36DRK49CYQI011OHC393ZLDH39376
KN293Q053,829,success,24-09-2021,W56URW60WETY101NEC515VJCM61491
AB513L960,685,pending,05-10-2021,H21PLG39LKCK374GQQ346YPHU85854
JM091Z485,47,success,09-06-2021,O27AQK49XSMU623UGW760LYTP33778
VF003C360,496,pending,05-01-2021,P58WXM37AVMR000DKR768RLVO63431
BK811Q368,1068,failed,05-10-2021,V05ACA14EDWY195ISP968GXBE37607
AY370B474,85,pending,03-01-2021,D59JXI56SWNY902NOA075GILL62271
AS900A542,524,failed,05-07-2021,M47CXA18ZCJI378ZEW866ULLB04840
RG917D984,441,pending,07-06-2021,R25HDY51LPXP991LIO206WTIL63800
AM337Z517,291,failed,20-04-2021,E54ENM73WIFA907HOT222GXQR01933
CU534X734,65,pending,13-05-2021,Y61EUR42KAUN943QKP314RGYX23287
QH500I762,1313,success,17-02-2021,F74NFJ89BRAX932AYR665JBMO14191
IE884L371,394,success,10-07-2021,I88MCK86KKUA674BIA258GNQO48818
XE113N275,482,pending,20-01-2021,J68TNB03ZKZR435WDD489JCOX30461
CD236W445,1360,pending,26-12-2021,J53BJL85NCAD977JFB451JRZX07150
DB055F833,1487,pending,20-06-2021,U98SEI18FVZA910QAS974RZOU54123
ZA619Y077,1096,success,12-07-2021,Z31HWP73PVXA122LZL380UTXW20994
PM280X224,732,success,22-02-2021,H94WOG80KWPL776XWW251MWNT72795
LX401F741,904,success,28-08-2021,D11TFV81GGQU794RQW758RDTA65918
FO466M198,1106,failed,27-02-2021,E56OWI51JHZP271MYM529PAMG33323
HQ337F504,1152,pending,29-08-2021,T63MEK63ANKK347RGD527CULV83644
IW202D005,1215,failed,22-07-2021,I93EET71QSYV423KBS910HYIZ93882
MB625A773,882,pending,11-03-2021,F94FUH13MACG171MBC480DRNO96198
NU044E116,904,failed,11-05-2021,F27OLY34JIHM489TRL914SOTS04797
BS468I461,650,success,01-11-2021,B13QKL37CRTR801BJV706ECWV00025
SH947S670,860,success,08-06-2021,N54ZYY09VNMP067WEE661LILA71738
AA462R669,1091,failed,19-05-2021,J88RAS81IQZE109SWO696PZED86184
DN677C680,824,failed,16-08-2021,Z79YLP41BVEU904QAV725NQVJ14531
RA775H148,416,success,19-03-2021,U80CAD68OGXA928AYR952LTRT84638
RA775H148,502,pending,18-05-2021,I96KPZ16FPIK422EUQ877HLEM25816
IV974K425,273,success,06-04-2021,L02TQE26PCVD229DYO110XURE87019
UP661N370,645,success,21-12-2021,Z76KCT43EQBM610THO197CUVB34616
AA462R669,651,pending,29-04-2021,I90AQJ71OGZW021DEI880EYRS63506
DQ038T624,1064,success,26-09-2021,Y58NQF58VPKZ417QLC036ZGHC21185
DT374O279,183,success,27-02-2021,W12AOW12QKNG512QNZ191QELL87124
CD436U275,574,failed,28-08-2021,Y05NAN07AKVW494FSP529DSZM87309
EL647T301,1024,pending,11-09-2021,L60FXL35CLPW633LNT913LMXJ67471
SA058K150,627,success,26-08-2021,U14GDK09ZZQR747GVA955HENE89204
HZ645T973,731,success,23-08-2021,Q33YWN08VFYU206UFZ378WWUT81195
BE863M528,906,success,15-12-2021,S61ZKS32DIQR937CJL115JXUR26338
HQ337F504,999,failed,12-08-2021,X52XRM40ESRV679YBL864NRFA65946
MS747P519,47,success,28-09-2021,E69UYZ72WQDT322HVT616DPAY40016
CD436U275,1146,pending,03-04-2021,X24OZB29OGVH581KAC379PKZL47280
RS172V951,772,pending,14-07-2021,H62JKB02BFRP606VIH887VMCT74062
KM548Q959,25,pending,26-06-2021,M10ITP74UKWS834QZO973WDOB39616
AE734P630,1096,failed,21-10-2021,W36RNF20DRBE178RLC472OQRZ09161
QB920A514,634,failed,28-05-2021,B21SGY28MLUN937ZOZ925WJIR97049
XE929I314,981,pending,12-10-2021,G30ITI04NUZZ072WTR928QSOI30992
OB872R927,410,pending,11-11-2021,K32YCM12CUHS162TTP050NMVL15771
IW202D005,1192,pending,28-05-2021,C63PBJ12RCDI359DUR368INLN00909
PM280X224,856,success,09-01-2021,B35IFF09FCWH162FJY746QETX34134
DT374O279,681,failed,26-04-2021,B11UZX55POPW150PIT845NYNQ08307
LP012I401,1321,pending,06-12-2021,V73EUZ06KRXG912LXD467DMDU04000
GJ306C092,641,failed,07-11-2021,V08HXM63JLBI268KZX100ETNB81519
LW030Y589,1449,failed,20-09-2021,N98TSQ21UBJZ637EHY467RAPM33472
YT580N616,569,success,31-08-2021,R65VVV60MYWK537TDU804KZTL81559
SU246J533,960,pending,19-08-2021,E94POM71RPXW597QYX406CLCD01591
OE853W080,418,failed,15-08-2021,F47VRD50FSJG054QMQ754IDUH16949
YQ835V389,99,pending,24-06-2021,W98KMK22CTHG891DDJ989PWWW67756
KI119T122,1326,pending,22-12-2021,I67SNR65XVMY057HLH501CKBC21433
UE432E775,1051,pending,17-02-2021,H43BOP15NTFQ918FVU791GVJZ85637
LP012I401,285,success,15-08-2021,U03FKV61NYQS292OCH690RMSC44793
AE734P630,1215,pending,14-11-2021,A02YVL96ZLDY627NOS318KUER06303
MQ908H184,1452,success,25-07-2021,V15NNI66NTVV703WQO695WSCA37385
DQ023I339,711,success,15-08-2021,T28WSZ36LHUN521LUJ561KMBI59412
ZB213R307,1399,failed,26-07-2021,Q59EUV14OFOM361HMR225XBLT92251
LM067V409,967,failed,28-04-2021,K95VBN14RXYD498HSV369ISBW66577
SZ751C533,495,pending,03-11-2021,M01JUL75EJZE462WKD078GQFK56516
DF592K694,859,success,23-07-2021,U19GUY09HQET135GWC797SOYU80097
UZ582P003,518,pending,19-10-2021,W08NRK23MGZP716KFZ256KSFM91444
OY075V727,760,failed,09-04-2021,V97CYM15PVXI871EKT905NQCD41891
XB621E537,42,pending,08-10-2021,L59TMM77RPSX964JBS942OKYV59229
RA627K655,830,pending,20-06-2021,D77FDK32DVVP153YHS759RSRT57295
PR468O699,1155,success,05-08-2021,H06HKB35KVJB706VKO929HODW94095
GR833J513,1097,success,30-07-2021,H78QPV36JDDM801FYI166CFWY83972
AB513L960,1327,success,07-08-2021,Y47NFE53DOWO758IWR715GQUP94167
TP822O849,164,failed,23-08-2021,Z04VTD95QORG063SLG584FWNR01398
CU859M545,812,success,18-10-2021,T04YIT89BVDB899XEG875PHMJ58153
RA627K655,1072,success,15-11-2021,B36VQD42BTDN045NMB178JTMH43216
XB621E537,628,success,08-04-2021,F88SLJ71LZIP775DXT180RZZR24418
MS747P519,97,failed,02-10-2021,C32JMY61RODD677TWV370IDRP56604
KB450M625,416,success,20-11-2021,G33NEW33HDYS412KZV898OTKC06375
ZJ583B744,1173,success,31-07-2021,F74MIC58KQBC815MMI593QCQV59560
XC661G681,1272,pending,01-12-2021,U44EAZ88ZOTW205NSD496QIDB43466
TG823Z898,1392,success,16-12-2021,C13LXV40CMZS275OBU353IVVG39363
HQ337F504,222,success,20-07-2021,H69WBB19XWSU042WCA213UAKS85436
VF003C360,728,success,24-01-2021,R96FPU03MWME291GWB023USNQ11665
KD988O150,275,success,22-11-2021,O82PSU51GXZZ868FPV568MHMB43075
UE432E775,985,failed,04-02-2021,Y76COZ28KVVB855UUA881OWDF92034
SR925Q712,577,success,08-02-2021,A70VKT71JGRA955JRJ550COQP44855
OG961L587,436,success,18-06-2021,H41HAY20HDNJ208QKG734WXQE89773
AE308Y252,114,success,24-08-2021,C78OPH73UZJF594IAT453HESO09116
LF577G105,289,success,06-03-2021,H38BGO95PWVM387IDV716VYMC60667
BH149V654,1322,success,16-11-2021,E75SUE67WABO212LWO957XNZZ95122
DB683V706,457,pending,09-11-2021,L46PNL54GMIX163ZEP990QAGS66904
WL451T025,1379,pending,23-07-2021,T09XGI85JAAT922FIX548ELRZ23032
XE113N275,807,pending,04-10-2021,G78SFT45UDBM077JYX661DRGL80258
LD359E820,1345,success,25-07-2021,V40JNT82LWKO518TYQ021MFWL46157
EI746Q368,733,pending,11-10-2021,O03BSR65RCAF138BKM299FYTZ53511
LW030Y589,219,failed,10-06-2021,I69FKU10RKZS845SAH473AJRA03328
QE966T990,68,pending,08-02-2021,B22LRO13ICSV380YFV092WIID79381
ZE784U400,190,success,03-08-2021,Z76WBZ61SXFX725ZIR395SSJB19617
CN041T295,767,failed,19-12-2021,F80FJK53DURE557INR649VDZO69247
EI208A381,529,failed,28-08-2021,X22OAX96XCAY027ETU237DLGR23126
SH524Y065,605,success,10-11-2021,N36WHW89HFEI619WAV124MGYJ49335
QB920A514,946,failed,23-12-2021,S38KGQ53RBXF784PBA687TRFH18468
ZA619Y077,576,success,01-05-2021,N72GXN96OVEC225ZTI920SEXD44672
VF003C360,804,pending,23-07-2021,K45CQY75FEWC361XBX153VVLN74213
ZP563J122,730,pending,01-04-2021,F86ZCA86BPQG925LZI385HHMN89176
BH149V654,1108,success,24-09-2021,N71JIA20NPEX362MVD389SFLG37787
DW925L350,269,success,28-08-2021,M63FJZ91GNYX830RNL108KVHL13978
US327S959,1372,success,20-09-2021,L34VEQ84NMNJ717ZFY271OJJY33218
MS747P519,734,success,01-09-2021,B60JBR80LFQZ153XRD256RFBT59746
YT580N616,1167,failed,17-09-2021,Y73NQO50DWTA287QYB078OSEQ14659
ZJ583B744,281,pending,05-10-2021,V17PMD46REYI684HFX134LKZM60993
YR058O045,156,failed,21-12-2021,W60OGM11RRDP296FOZ765AFOR06082
TY778D207,177,success,18-04-2021,D98DOQ54QADA535HSM633SRPN59568
AY370B474,1403,success,30-11-2021,L96RKT55TDTV226LVS165YGZQ59559
AB513L960,651,success,22-02-2021,M97HOZ47GNZD283XZD955WFGC33319
OY075V727,201,pending,20-01-2021,O07LMF12IDIZ486FOF549OGPM97514
ZB213R307,1396,pending,09-06-2021,Q36NPE95JWHV062ZOM819FVFO80294
WF384S128,619,success,13-11-2021,Y13CXA27SYDF376UNF431NZCH43682
XE113N275,597,success,18-11-2021,R19GKS66RCIZ718ABQ238EPXQ16000
VF756D101,905,failed,16-08-2021,S10AEK39ARZY623VTG074PDFX29571
GI743M359,1262,pending,02-10-2021,G31LXW61HISW985UEG246HYJW59326
ST154D242,391,failed,05-06-2021,Z78HMH42SSTI930NCS674PHFY26640
TE106C934,1408,pending,13-12-2021,M55RGP08XAYB598XDI684TSBS61749
CL316Z324,1063,pending,27-11-2021,E22YRZ76LTXX368YUU494ZTKY21571
OE853W080,223,failed,13-12-2021,Q22CTU66UOZU889FJQ751YZLD96542
NP912R532,1058,failed,28-05-2021,U40ZGS46TTON316XKN063TOXR90833
WG627I524,1447,pending,17-06-2021,V44AGF86JCFE170GDV776RSPZ22371
GJ306C092,520,failed,03-07-2021,X91TQI86XXTE307ZTG642AMRN35303
IE884L371,1008,success,04-10-2021,A12YKK29YZWS004RNG410VKIO74261
RS673K258,1322,success,22-08-2021,I92JJC82KHSU600YIF250CQYV81499
HJ683O318,601,failed,11-04-2021,E40OGT20YKDT595QRB778DPDR11227
YG069L426,1154,pending,06-12-2021,U97MIH64KLSW717YOG181KFYG35255
KT756M264,84,pending,01-08-2021,E01WWL46NLHD491QUR399PMNI96195
HD976I387,532,failed,21-07-2021,Z11GWB92EEHF666WLI754ZYBY55235
SU246J533,726,failed,10-11-2021,H49CPU36FEXO210ELC695KLFF71804
QZ593E107,478,failed,24-04-2021,A20SAC79XXXD040UDJ746FJUN23078
GG400L726,493,pending,13-10-2021,A12OBP74XHPA564UGZ401KSGX89367
EI746Q368,596,pending,09-10-2021,F26HEK38GNFR275KOE432AGGI03710
SQ851J332,386,success,09-08-2021,C52BUD58CVTJ754NMN080GUCI32927
VU380J665,1136,pending,27-04-2021,Z44JTU27NOQY467GZT010DZFT62626
LP012I401,427,success,25-06-2021,Q79DVA74PJAH312AZA163KAYC15868
SS305W192,1246,pending,26-03-2021,L07VMR66ZMIZ751WDL509WQRN48176
EI746Q368,1171,success,22-12-2021,O76JTG48YZZY323TRE191PBKJ64627
TG823Z898,912,failed,12-12-2021,V93ZUI62QQCE418JEV738FBMR72272
GC098S828,1052,pending,09-06-2021,P92JDF49KELD401ANC214WODA97865
ZP563J122,685,failed,26-11-2021,V92RTU93HTCC949GJA071ORXV67809
TU390G865,1426,failed,04-03-2021,Z74OKI15EHSE215ZQN770GLUW26978
GM210Y799,811,pending,30-04-2021,M72ZEG73PDXC485QUO686CTSE45153
SI094D550,983,success,02-11-2021,F44KGK00LJOF508AVB524QTXS54227
DF592K694,883,pending,13-12-2021,S35ASX02ZBYK021ZNZ161HYIJ11690
JQ399I211,1314,pending,24-09-2021,I39RKV48SMMR565QDW027OTLB47566
SI094D550,1456,failed,24-05-2021,R14PDS05YUQR710VLV046ETEJ33435
DC761C833,1309,failed,01-01-2021,S48GDA25HWOC213YZA496JLJJ80831
TH366N766,221,success,24-05-2021,O79LNX73AIUS481BJK330UIZC53709
MW734K347,611,failed,25-07-2021,E06OGK64KDCF291DDT931LFRH28443
YG069L426,1235,pending,20-12-2021,G66LNB03CKFN361CGB037GCGH38358
HZ606P556,973,success,07-11-2021,C58CDC54VKFX042BSS861WKDU13131
WS760C635,730,success,28-08-2021,E42LQN28WRQR220FCL936XMOZ23432
MW734K347,1327,success,28-08-2021,X21EEA75KEGL960DZT886MEWZ72507
TR829F782,1279,success,09-02-2021,W50XML34YDBU959FAM333XKPO31256
OY075V727,1209,pending,09-04-2021,B89HKL86LHSF843HKI234GJVB58938
TY778D207,1496,success,23-12-2021,Q36JSY75XDTA410AXS991TNFU89378
YR058O045,552,success,13-07-2021,N62AFD37QNRB604LGK864AAQR43658
ZB213R307,180,pending,17-11-2021,R83VPB52OPZH717CDS762WKDH30662
PP233F312,151,pending,15-10-2021,K82VPG08OCLB068YRH244GTSK12426
AY370B474,1236,success,31-10-2021,B82KOM77SZUU752FXO397QDJJ86206
BS468I461,383,success,09-05-2021,Y68JDM15BCNS926QSI102PRLX93552
OF223M538,1185,failed,09-07-2021,L91NBO51WDKF773LFS812YYXR81646
JG839N689,954,failed,08-10-2021,K97VVL37PMAM974FUZ106RXQC44774
UH755X473,1320,success,01-12-2021,R57BSP15YSWN168HJK544TRES75398
MG603O721,1058,success,03-05-2021,Z89CNR87HDZQ746WFE645HSCH13551
QT859X501,491,pending,11-11-2021,L08ALF12HTAV621TZI965XUGH83424
VT276P210,698,pending,30-09-2021,R02MWH09EABL049ZAS571PCPM33232
JM091Z485,1247,pending,21-12-2021,W46UQQ07BEWF285BGG972RPLH06736
WL451T025,285,failed,13-09-2021,T44IXZ06XJPC602RBR939RNRO87475
VT276P210,656,failed,17-11-2021,Y57TCJ93DWDD235QBB178PVVG30937
WS760C635,164,success,28-02-2021,Z47SHU62DBES625YJK047KXNA69535
IV974K425,1239,failed,10-03-2021,K29UGB32LDXM631VNW273LHAY35965
MP669T719,972,success,25-09-2021,C10YGQ32SBGG805YFH968KWPT04410
ZM444U367,16,pending,16-08-2021,Q72ZHO81TJPA240YPG507KNVI61007
HQ337F504,1020,failed,11-01-2021,R16ZLT79LYYT232VCR826UJAQ30424
OB872R927,723,failed,01-05-2021,V67BAZ40FTEV245FLB684WLML79763
BV906G209,428,success,25-12-2021,C40YNB64OIRE124VVH711LRAZ61381
GC098S828,1224,failed,14-09-2021,N78WAY69YSKR803EEG300KZPH54708
ZB213R307,1297,failed,04-12-2021,A79WRZ05QTEA250ICO450SGMA27226
UP347B093,280,success,02-07-2021,Y49UOU12NOTU611EKH774UQRW94515
LJ591Y259,338,failed,22-07-2021,L05HIE31YRPZ724CHB131KFCP70066
SX949E266,593,failed,05-03-2021,G50LGG56MZFQ897FUK440ONUH24717
RI177C089,1047,success,19-01-2021,D08KQI67DWEX767IAT204SLBK57137
KI119T122,957,pending,14-06-2021,V61HNR71PFHC783HFZ145LKVG21947
FM596P313,208,pending,27-02-2021,X57GJY43PXQL553SWT779GMHX64750
DQ038T624,716,pending,13-03-2021,R59UZZ15RJBR987SGH462BCLG01063
TK520G300,250,failed,26-06-2021,P84DJZ71AZAL300QVW518EYKD94435
VT152V617,1217,failed,04-03-2021,W90JYH23RLPG678AKB748OTNP11063
YQ835V389,220,pending,18-03-2021,N71WAE01YVUO707GYK317MUPG11262
NL454I149,1283,success,04-02-2021,B68WHO99NADZ507LUV842NHJU94705
WI723G671,966,failed,26-06-2021,E29RMA05DLTX607TOM693BJXL94078
YT580N616,1050,pending,25-04-2021,F16HTH88COFC814LIK111YOOM41307
MS747P519,1389,failed,04-08-2021,W16OWI48WVBH919PNU078OTOF98146
QE966T990,1418,success,19-11-2021,D38NZU02SWID855CCQ655CBFR07586
DZ417C746,1259,pending,28-01-2021,G30GMH87HQHM488IDN691MTUT51664
QX517Q200,795,success,16-11-2021,Y85FSH51PDHF181WDS544VFBA35670
CN802W282,481,pending,25-02-2021,V18ERG59UHKT993XBL914WEGB02362
LD359E820,429,success,27-11-2021,H71UHX10IUXU704XFQ733DQSQ96895
MB035Z896,753,pending,29-10-2021,D43FWH40VYWR530IWZ510AMDC00503
WI723G671,703,failed,11-10-2021,T30MZY19FWNS984LGW381YTIY95849
DP716H161,1094,failed,21-07-2021,Z49NGB11PCYA475UME735XQQX09426
UP661N370,619,failed,16-06-2021,J95DXW05MDTW906EPQ860GHWH92081
XC661G681,486,success,22-10-2021,F28UPE70ZMWS100OXV198ULIB49402
ZV365G358,103,failed,02-12-2021,T39AGE59QOZA405YGE950OUWO45133
UG184I775,1342,failed,27-01-2021,S46AHL86AEDP702ZDJ468VNUF28480
DP716H161,1159,failed,07-12-2021,J27OHJ31MDVW419MOR061FPOK39525
XC661G681,495,success,05-03-2021,Z02DLL02YNHU861PXR725JJGQ82671
XC661G681,407,pending,01-04-2021,G76BQF42UREP224GAX171NRWH73302
ZK264F124,774,success,05-08-2021,T17KAE71EXFJ363CLT058ZTDX20362
KM548Q959,514,success,02-04-2021,F23ATV36ZLYP795EWY743HCFX67179
CU534X734,364,pending,04-08-2021,Q45WIA82UKEZ834PQE435ZNWL28584
UP661N370,1198,success,26-08-2021,X62JCB29YLCX140RXK469QHFV31635
LP012I401,1495,failed,29-10-2021,E55KMQ72IDGZ051FPW268VBBP50444
DM485Z575,264,success,07-06-2021,X75QIY49EISD829NPN121NBOB02385
YR058O045,561,success,16-08-2021,W76DVJ89BXWT706FTB676AVNW80379
VF003C360,1285,failed,05-09-2021,P10OIC59MQNJ187FCC793MHUR17512
RS673K258,1191,failed,02-02-2021,R11DAY65AZHY634HYY323IVRH63248
JG839N689,847,success,09-01-2021,S73IES86UPHP322SXL603YORI78817
TE106C934,1003,failed,20-01-2021,Z66NGD22PLAS821UNT678QAXH21627
MG603O721,755,success,05-07-2021,E76NPX45OPOB664WHG343PPKK54934
VF396Q607,707,pending,07-09-2021,X61RQJ96GHEM554DDB101BPCI09414
PP233F312,825,failed,04-07-2021,S99KKO25RRSE590UXT095QIDI60621
RH913F718,1371,failed,22-09-2021,S31SKO47DEUX817JXE381UMAF33820
OS004F706,622,success,17-01-2021,D02LZC72WXDS368GZM308DUNQ51856
RX624I496,494,success,11-06-2021,V17IYM22PUGN199HKD948ALHS31013
UR168A810,124,failed,08-04-2021,R61UNT99GAKM214AFF947LHLH64614
JG839N689,967,pending,28-06-2021,K03YTT41OTYK661ZMO571UODZ82765
VB937X658,1473,success,27-10-2021,N86HOX99FPLJ695MFZ355ZHNY74908
WL451T025,370,success,10-07-2021,S18UGX31DNFY065KJO944UQOF79433
FM596P313,739,failed,11-03-2021,S39KAZ02TJFW822JYO770COFV08451
TE106C934,219,pending,09-10-2021,M67YPW22CFWD146RPC784ZEHN09667
RA627K655,461,failed,05-07-2021,D06EVN21XDRS436ORJ535PGCS55514
IO271N231,1325,failed,29-09-2021,S49OHP59JODU666QNI416AVOC37223
JG839N689,733,failed,24-04-2021,R12ZGE22UOOB563RJE413AIGX31449
MB625A773,891,failed,08-07-2021,N58SNN85YMNX124QRR891MYXS63833
BE863M528,696,pending,12-06-2021,C14GTL92BXXZ888ENR350ZVOP84828
OW430H006,157,success,22-02-2021,U10ALS78RUOB475BFS088CVOO82435
HD976I387,215,failed,18-12-2021,B07KHX96FPDO819ZCT424HEJL50833
MQ908H184,810,failed,30-01-2021,S77LKB14PPRE624KRT020ZNRB22840
HZ606P556,1498,failed,16-08-2021,X56RXY03FAHV730VVQ699RGTB90146
UE432E775,174,pending,18-04-2021,Q02WHN11PURN722WEF849KSJH42505
VF396Q607,1328,pending,20-09-2021,X14DFS87BWEP631GME080QMHS07005
AS900A542,643,failed,01-08-2021,M88EPV43ANSK299ITP986TWQA10777
HJ683O318,863,failed,11-12-2021,U32SVI03FLLW288XIK931VKQF73823
ND024P655,138,failed,08-01-2021,A02HMW68SCNG348EJJ166JVZX69425
KI119T122,790,success,23-04-2021,I89ISY84TSRA860IKC620YNWW25667
TP822O849,1092,pending,21-03-2021,I76IYH08UFAW761BUV098XLUM01014
RK898E011,1019,success,17-11-2021,T37GJA26HRWP958EBQ965ACXE35855
YX633B590,1443,success,09-03-2021,B83AGD35JCMJ128WMZ122GYLG89258
TG823Z898,1110,pending,05-10-2021,W79OXJ30QJQB892NWA995WTEW87187
DN677C680,1386,success,19-07-2021,O01PZR91IKQQ960RWM172XWNP26053
JG839N689,1368,failed,24-09-2021,I83CTT27SWFV483CPJ632MCHC44112
YQ835V389,890,failed,08-11-2021,B09CBY62BVEQ061QEN897NPOT66284
MS747P519,1268,pending,25-11-2021,S93SHK53PFHZ535PKI458RVFS11642
LN652F914,518,success,19-03-2021,W74RJT68MKUS536OQR298QMZI73510
PL129R175,29,pending,14-12-2021,H84EAE49ZBZI519HGC683AFVW01589
JE474J453,706,success,05-10-2021,U51VHM54MSOX190JPB840DZAR03728
WJ621W478,343,success,14-06-2021,A27GIM96JVUS708LTC321HQIY68834
FD854Q647,46,pending,11-04-2021,A66LDP20VYVN057HRD851UYOD55383
VT152V617,1389,pending,21-09-2021,L34GJN14XGKQ143PPU969NGGF91288
FI736B535,19,failed,03-11-2021,Z65SFB82TLNQ575NFH490LZEK58754
WJ621W478,236,success,12-08-2021,K04IMH08GHVY989VSB234FUYC89444
LD291I745,805,success,08-09-2021,Z14QWR24BXFN462DTZ697WEBL90984
ZA619Y077,932,failed,28-06-2021,D80OOA17OVCP347VFE208WPNN82897
YA724N557,271,failed,18-05-2021,E90WRW00SXXZ655BBM075KOUF95323
PM280X224,307,success,21-04-2021,C88ZFK68FTIO735ZLM247SULP44409
JW544T657,826,pending,22-12-2021,G32TYF50VFCU530EMP274VGEY51866
JB134A636,151,pending,05-01-2021,R70VBT20UGGA534VEE717GSSU09265
BS468I461,981,failed,09-11-2021,Q11DQX02WJIQ206TGL681YJSO52206
MB035Z896,977,failed,11-02-2021,E16ZDI31YRAF979BCD040LUVF83989
RS673K258,1457,success,29-10-2021,T97THB74UBXG449PZP332ARKK54058
YX221N219,941,failed,01-02-2021,Q68NSS65NPUT632ZCB860TRHS25789
JG839N689,1273,success,06-12-2021,K21PSA61ELZZ604COH998ZYUR84548
UP347B093,1392,failed,29-10-2021,M65XYE65STHF178JKS659VQTJ14306
SQ851J332,1292,success,13-09-2021,J41DZX03BAUD952NGV862OEEM66204
KM548Q959,851,failed,16-08-2021,P35OEQ46KYZP701CQS753XPKO49948
QU249J633,114,failed,10-10-2021,A12PDR69AQFS398ESH602ATSI08527
UG184I775,356,failed,17-06-2021,C98UIG44JXIY442WFK862JMNM13359
WP893A558,289,pending,16-06-2021,K09KTW69RCTD632GZD731ANGX87934
AE734P630,400,pending,19-12-2021,Z54IDE39EYTD981AVX525MVKK91976
YX633B590,929,failed,17-09-2021,Z71ELB66DBHI267AAU615PWNL58850
AB513L960,765,pending,09-12-2021,P59DXT57TSBO956JMD054XCZG01108
BS468I461,1147,pending,13-02-2021,F69VDH06ILVN068HEZ911BUEF07973
DM415W307,769,pending,29-09-2021,W21MQG93LQGE895TJS517FZMZ54452
GX924U676,1226,success,15-06-2021,G01NKX48QEOQ459FEA860RHFB83106
HD807T224,132,pending,28-12-2021,C62DYH44SIDU906KBL083BYGH29718
IW202D005,1344,success,21-07-2021,N15AEW07MZQN595ODN825NCHA82975
RS172V951,1452,success,12-06-2021,D28SQO58TWSD419IDD045CBSM28972
HC919T416,910,failed,21-10-2021,I11ICD40HCUC895XTQ259PPJN19823
BS468I461,489,failed,18-04-2021,E22DGN41SZFO574HKD312NCPS70672
RA627K655,1358,pending,14-06-2021,C73GXX15WWLW956SSZ655RJDY65602
GI743M359,893,success,11-05-2021,E14RQD69LEGZ353GWF754JSTC60665
OY075V727,407,success,23-08-2021,B87DFF20IQDM301LQY923VSFI07020
IX492B434,9,pending,03-02-2021,J65YCK46RFMP448QUO807YVBM86968
ZA893S250,580,failed,17-11-2021,U24CCI54RQRV075WHS292MTDE75429
FY016U565,1057,success,11-06-2021,M68JTR98RJHI240GPL681AXNU09986
VU380J665,1480,success,30-01-2021,X85KFH87ANKQ233BVR297XQKA91418
SQ851J332,155,success,27-12-2021,Y74SJW92JSTK102ZAX033ZRZJ24007
KZ274Z395,1217,pending,16-03-2021,L47WIH31KSMO075ZMO630RQRC63063
RA627K655,153,failed,05-03-2021,V08ZSM03JGJX193RJJ764XQQB00147
SV648F104,105,pending,16-09-2021,G03MIK99BIMT456ZVZ201SAXN44930
UP661N370,808,success,24-09-2021,S71TNO00GXGG050CSO180NGMN17069
TS002U609,150,success,28-12-2021,Z69UQM46XDWS816IVB802BZSG68683
GR833J513,32,failed,29-05-2021,B61MHM22EEUW352KSJ625XYHW54060
VT276P210,847,pending,29-11-2021,B40CCM55LEXY242BSI974RZDU55545
PM280X224,172,success,06-01-2021,C02VUE32FYXE181OLF921DANR61210
PM710D480,459,failed,19-05-2021,M76UJG94ZYJU622USW453AWOD71293
QC237N230,794,pending,08-07-2021,R90WAQ60LEYL233BVU220MQGH96637
ZV365G358,178,pending,05-07-2021,F92AEL56GQQL511EEJ172QUBC87233
ZB213R307,1329,failed,28-10-2021,F57JQE89ODAT699XDB773WVUX85253
AG094K007,725,pending,24-02-2021,N04VYX88AWVO907KGS312ZHJS01363
DF592K694,422,pending,09-06-2021,Q98VXY03KCAD929TUK776MHBB38470
MW734K347,979,pending,24-11-2021,F32VCY57QYQV501QFT463YTAX77654
TG823Z898,1101,success,18-05-2021,R34KGM75OHBJ069VCT059NXAF90574
EN304H974,125,success,04-12-2021,R13IOO99EESW020WON997UTAH27548
OY075V727,684,pending,11-04-2021,I73WTL22SSTR828DOW012TPGN49962
TG823Z898,1253,success,11-10-2021,Y34KZI41REDM382IPB721UBTN94180
UZ582P003,503,success,24-06-2021,T52PMR24LOLU636WQK556CBRH57239
IW202D005,271,success,27-12-2021,I91FRC63UGFK257RFQ238QDDL28999
GM210Y799,1410,success,26-07-2021,U78BVH04CCPE141FCW549VTTF98166
DT374O279,823,failed,07-09-2021,Z61GNQ02NTSC267XDR275CZYX53999
HZ606P556,330,success,06-04-2021,L48EDR02WJMX486RVJ819CMLK55061
AY370B474,207,success,28-11-2021,L65PON59ZNGG949QYV362RIGS56545
UA749I897,218,pending,27-10-2021,Z58XWU01MGNF177QCI536KMSW31735
OY075V727,1031,success,10-03-2021,J67ENF46EATM744ODU929YCGZ22328
QE966T990,1417,failed,21-10-2021,X52OXB90BAQI145AZY696LVIR21402
FY016U565,888,pending,16-05-2021,T13ITH76QPNS353UHR898HPJD03231
CA623Z555,1009,pending,15-06-2021,G40GAZ48NWRR165VQT325FGFD30451
GR833J513,642,pending,14-01-2021,L85OHI26CRYB540GWT612KVRQ99953
MW734K347,128,success,23-05-2021,N84QAO94JPBU371WXL194VAUV58011
HD807T224,759,failed,28-01-2021,R10GTX42RAHS295CTH866EOHF96392
NV124C738,857,failed,17-10-2021,A79VDM03CBXN846HMK341EMSI01860
KN293Q053,540,failed,16-10-2021,N44CSY10MQFV071ZEG752MFOT95165
HD807T224,396,pending,28-04-2021,M97ICF49JQXJ833JOA574YLPK13874
AG094K007,330,success,15-08-2021,S28RAB26GGUU701WZI374JTKB83058
QE966T990,1001,pending,14-04-2021,D57OKI52SCJX935PJW738UCIX71863
XE929I314,329,success,06-08-2021,P70IDI06HLKI867MUL045WVID36501
SO176P640,773,pending,15-08-2021,B36RWR45TWOL503HSB944CLZL57328
TH366N766,496,success,04-04-2021,T76BPE14HAJT392LGT170NJGT07969
UE432E775,1035,pending,28-08-2021,H19ILL78MNUZ238IEY033CQGM53729
KM548Q959,131,failed,19-02-2021,E79JKG30JSRG700IPR022GFKF83626
JV111E384,929,pending,07-03-2021,D67RUR94LXAB537PAS937MHZX85198
HZ938F970,717,success,05-08-2021,L99REO56HKON841JFH046XAUJ03427
SQ851J332,133,failed,31-07-2021,B84WMU05UWKR915APW807YGWW25060
PL129R175,337,failed,29-03-2021,Y72TAI33ZJJO107RQU622MZFT14212
NL454I149,602,pending,30-03-2021,T81BKB52SWTU594OMC241WEVV42414
JG839N689,1149,failed,03-01-2021,F37DQK33OLIS009RSA623ZEFQ83894
QC237N230,867,pending,18-06-2021,C49LJF75UWUW982GOP932JNOZ24929
ST154D242,1443,pending,21-02-2021,K37PJS19IDQN217JZT926VBRS09834
SU246J533,505,success,13-05-2021,R46ONT11WNDY694KSY883HTYE63756
ZW458A642,1140,success,06-05-2021,M68DTQ61KQKB535BGL448FPMD97409
NP912R532,784,success,24-05-2021,W12TTX74VNTU691BDK292ODWZ52882
TH366N766,1332,failed,05-03-2021,A60OPL11CKOB899MLU912GBWA62584
EI746Q368,713,success,23-02-2021,C89JGY52NXJH246GQH013PNGP95791
NP912R532,242,pending,10-04-2021,D65EAY37OKLW585PRH704UWSZ87480
FM596P313,347,success,14-05-2021,V98WLR18CZWV634NSW394JHPC66961
HZ938F970,766,failed,05-08-2021,C21JPC27GWRX703SMF599WJNA07965
TM568V532,151,pending,21-04-2021,I13BKW61NGLG974XPZ308GVLW35167
DQ038T624,1099,success,11-01-2021,D23ZHT26SMBM072MYU477XUOY69664
DQ038T624,1189,pending,26-08-2021,H82FFO08ZQDG078TWJ684MCEG93772
PM710D480,827,pending,13-05-2021,X96EAO56PWGO127TXJ072PQAS93311
DF592K694,416,failed,31-08-2021,H29MJW35RMTD664BRQ165IKKU82149
SH524Y065,1089,failed,27-04-2021,F40ORY11DWQM501YXT915LRUL97675
BK811Q368,1170,pending,14-12-2021,U00PLX81TEDM554VYA163DMVD91411
DB683V706,1186,pending,23-07-2021,T42OSN64UVDL197EMA646NVCZ13127
GN496C048,1424,pending,13-03-2021,F29OHM27DMRY436BXW427DOCF40178
PM280X224,1050,failed,27-09-2021,T11YCL71MQDW681QBT760LQCW81385
CU859M545,900,failed,01-03-2021,H99ZGB55PQMF005VLT402SKOD86617
NP912R532,560,failed,03-06-2021,C28IJA86XLIP373DTW873TGDN29605
RK898E011,109,failed,20-08-2021,K31CHB60XUOY790HFE658NLOC75319
YT580N616,473,failed,31-03-2021,V93PGD29ODNN878AYQ560LRTX95880
OB002K169,1164,pending,15-12-2021,U51YYF91EOEV366FJH217WQVI38790
QU883P243,177,success,13-09-2021,B93PDP66TUSN249EWH796BROH85390
XC661G681,1064,pending,15-04-2021,G72ZXQ95LIKX762AEA386PXJM54236
JG839N689,1208,success,25-04-2021,N55NMG15ZXFU183LDY946MXWQ12876
HX546X884,225,pending,23-06-2021,S04BWJ09NNTE432TPW165RAEY02015
PR826Y372,359,pending,09-02-2021,K96WKW68LPIJ549NRY818XQYN11229
MQ908H184,1136,success,02-11-2021,L40WHH34LPYX044MYG102OXGP11827
BK811Q368,603,success,11-09-2021,P72LKU07RAOQ731EAI869UFYO96550
QX517Q200,793,failed,25-04-2021,S45TNT18NHOS070VSC021DDJZ82197
QS374J978,921,pending,28-10-2021,A42ZYX51FSAC397LHC719BYIP86076
CN802W282,338,success,22-07-2021,Z15MOX72XKQL870RHP438WUWM35791
KM548Q959,788,pending,28-10-2021,V61VNN66GWMR853KUP796ULIX07418
QZ657G453,669,failed,15-02-2021,J65MRR08SFKA592SYS157WEWF41718
AO305P644,1202,success,24-06-2021,U13NCP07BQQF636BCM598LOQJ91939
HD807T224,935,failed,19-04-2021,P93TAX71ZTUC046NNH755WIXQ85704
KG200J267,201,success,19-07-2021,K63QLP10ARYU285ZMQ265HERA32217
DW925L350,1212,pending,17-08-2021,L09PAE74NQOG428WBH075MRRA40297
LX401F741,770,failed,24-08-2021,V47SSI26TVXW239GIP041IBIE04052
CU859M545,253,failed,20-01-2021,J38ATX08ZLAV004LUG550VKDK41465
ZW458A642,595,pending,11-09-2021,V46DUA16ESXY419QJU574BGCB17967
IS435E337,1173,success,27-06-2021,E89NMT17NRKH851PCA066LART91875
AM337Z517,826,pending,04-01-2021,N83DIJ48BZUJ199UGR017PNIR06601
QC237N230,1268,failed,29-12-2021,J71UAC81KGEX572MBV795BOHS27947
MB035Z896,306,pending,10-07-2021,S72FCJ47PZBK939STO574EFDN77452
NP912R532,606,failed,14-10-2021,P64NEN93EVNB672PJX582HZGB21145
MC609R117,888,pending,06-08-2021,G72FPT89DAUW098IIB350MQFN15958
PL129R175,1113,failed,03-11-2021,K55PGI44XSOM730MCB331TPKS62279
EI746Q368,134,failed,23-01-2021,U22WGQ30DNYP206IHT371GBIM11160
SQ851J332,1281,pending,19-02-2021,Z34MLT97FNBX707VMF568TDND63319
QZ593E107,494,pending,24-06-2021,M65OLD12XRHM100ART641DGAN24107
ZW458A642,305,pending,04-01-2021,W49DKY57NBUH089NBC989AZPJ05004
XV276D113,1187,failed,07-08-2021,U40MHB48VXAD998EQO591BWDR28419
XC661G681,1355,success,30-12-2021,T59JRH89SKPI150QJG729KZNR21106
DL185F133,1489,failed,28-05-2021,I29OJU91ZKEV079JRJ468WKXC98753
QU883P243,961,success,27-04-2021,N14BGG21OBOH425ANH041ZHTQ80665
TU390G865,695,failed,29-06-2021,U34EMG22MCOB759OQQ542NUXQ00221
FM596P313,385,pending,17-10-2021,Y92FLP21XCVY220QUT637EETZ73856
IV974K425,37,pending,29-07-2021,G15UEP30ZWAX413YAA314YHYV68999
BS468I461,167,success,03-01-2021,H95ISS37LXTB473DZS111IGXT80501
QW269R953,863,pending,18-08-2021,P71OAJ78WDGB147JRY494ETCV97577
RX624I496,245,success,02-04-2021,W22FMI15GPCZ310SRK588LBSR40796
KZ274Z395,831,success,27-09-2021,Q80BLK35CTST885ZOE173YBXF78352
OB002K169,1302,pending,10-03-2021,S00BNF94OCCI087MDU149JGXE42025
VF003C360,440,success,11-08-2021,C65PJX63EHFL458IKC576XLXP86552
GJ306C092,1070,success,24-11-2021,H99JXF29XIXP674TFJ807YVWW76430
BS468I461,1209,pending,25-02-2021,X52NSV96GAYG991RKF130QHSW33043
YG069L426,1019,success,09-07-2021,R86QCW53FZZG208ITP720CQPD42042
RS172V951,380,failed,24-02-2021,A95TLU00AIZO956JYY744PHDL07508
YD712U986,1034,success,23-05-2021,T93FKW50YJLP275RDF864NPEU25634
KD988O150,433,pending,16-04-2021,T49BFE91IUJK618NKB152IZHD91603
DW925L350,1048,pending,01-12-2021,T88VAC54EVNA892SWD077ACQQ97808
FO466M198,23,pending,08-09-2021,T16WBR58BIIO742EOX749XZAL31670
PM327G412,612,failed,19-12-2021,E18RGQ55BNPK421AET259ONOL17588
AG094K007,657,success,18-01-2021,D40BEU97HNQM341LIC654BEXY84864
LM067V409,222,success,31-03-2021,M07EEF31VYVC319NLG271QLCJ85044
DQ038T624,1209,failed,11-07-2021,E92MRP54BPIX238UDL128MZTZ17636
EP851G673,1239,pending,25-02-2021,W43POC74ECXP285GWJ215QKYZ99939
SH524Y065,607,success,12-04-2021,I94YHR27RWJA235YZW962QSUW05180
GN496C048,1255,failed,13-04-2021,Z07MUF32TVVG800PMQ849TQVL13230
CU534X734,1263,failed,18-06-2021,I08CZV84EDPX642VNF072PWQB87780
LM067V409,64,success,19-10-2021,T38SAR34DYVP361WYO763MWFK61109
TG823Z898,1167,failed,13-09-2021,K04JDF45HGEU226HWA843JOTZ84750
ME152T794,1395,failed,03-07-2021,S69OIF38MFNE984NCT043JXDV25486
SV648F104,926,pending,15-04-2021,S08UBU24PHBO323CUQ734SPDU12266
AE932F890,781,failed,16-06-2021,G86QON59ERWB232XBT857WEGX71519
MG603O721,85,failed,21-04-2021,E95WNV54BPYT289GNG301CRIV30741
GX924U676,1419,pending,28-06-2021,T77SIK09LMEY544TQP718YWSZ81187
JZ171N908,628,pending,06-05-2021,L01HNN73TCQZ628OFQ579QAYR44796
BV906G209,423,success,21-07-2021,W22XOR30KFPJ943EUB644JVPC39061
OS004F706,345,failed,07-06-2021,M74KBH89IDPL962YQK589PGIU59347
OW430H006,903,pending,23-10-2021,V46YYA27RNFD295DPS989UNZI61014
AE308Y252,48,success,09-02-2021,J81DBB48UVDP154XZD882TUPO57692
NL454I149,577,pending,28-06-2021,U53DYA88UDUF240DPD707JJQU98886
OF223M538,1499,failed,02-05-2021,G32KWY25FAXD944QLR792DDUK15698
RI177C089,542,success,09-08-2021,X31ZFY41GQGR463KWH677WDOH31624
OG961L587,1034,success,11-06-2021,N43PXM75TEIV675HBC612ATFM01039
QC237N230,68,failed,12-02-2021,K64QTT31FIRO542THM383DDRR22219
RS673K258,1242,failed,11-06-2021,X32DPX73TNKK258JTI489JWZT56666
AS900A542,260,failed,15-05-2021,Y30OAY64SSPN612VSS254TXME26941
JU146N698,697,failed,31-03-2021,P16XIR31FFQK754JDC837ZXHT71654
YX633B590,505,failed,25-12-2021,P58TRQ29FQNO195MIJ293NSNA00546
NP912R532,173,pending,14-05-2021,B84AUV69MYUV635MSU847GHGD02267
GR833J513,506,failed,24-08-2021,Z02DSX53TXMT158CPY026OEIE32698
RI177C089,710,success,20-01-2021,N50JCN78HBZR858GSQ379ZUDQ03104
IO271N231,578,failed,14-08-2021,D85NBK19VXOC386WPS338TNWX64847
RK898E011,90,success,07-03-2021,R74YSM07FWGR737PEG621HLBT77325
XB621E537,961,pending,16-01-2021,V48RTX98PVRY772UNX041LXIV30078
GJ306C092,483,failed,29-06-2021,U27ZWE49BZVH179PQO661YOUQ24817
HX546X884,1140,pending,13-11-2021,W89FYP15UZPZ734JEN463LBVI54338
CD436U275,814,failed,12-07-2021,Y38QFS39LUJV068ZXA066PCFM30383
AD198A662,1453,success,06-09-2021,K51ZHN10VTXS508MTP233RHLN72295
MZ136U171,858,success,25-02-2021,H14UJB69DHPY526ULS352FXXS79690
MS747P519,20,success,07-06-2021,H89DFH76QJIF035NOM288TGZE83140
TH366N766,1060,failed,10-09-2021,W70TKT74CYXI684NGY756FPNY96571
JZ171N908,1345,failed,06-12-2021,J19CFU00TAXJ454WEQ386SBEC69409
TH366N766,853,pending,17-07-2021,E49CRL22KBUK565CNI290MGPB47164
TK520G300,189,failed,01-10-2021,D75IOG01LDYM761TZY513UHSR01675
QC237N230,361,pending,21-07-2021,N27ZEJ73RFZA672UNG246EWIN48087
UT937I192,591,failed,12-12-2021,H81LSS83SMGI437PSW560SNJZ14229
YT580N616,708,pending,24-10-2021,I15YZI83DICZ177ARP969LWOJ51004
QU883P243,1262,pending,22-04-2021,D55NUN18EDHJ113JZI939QGSV41064
